Topic,Frequency,Total Score,Positive,Negative,Neutral
education,112,112,6,7,96
school,6,83,0,3,3
preparation,4,81,1,2,1
anxiety,3,80,0,2,1
challenges,2,80,0,1,1
work,2,79,0,1,1
stress,2,79,0,2,0
campus,45,68,12,6,26
technology,45,45,4,6,33
college,36,42,5,3,27
university,32,36,4,3,24
transfer,29,33,2,1,25
food,11,31,5,1,5
students,30,30,6,1,22
waitlist,25,25,0,4,20
research,23,24,2,0,21
moving,4,24,0,1,3
donation,3,23,1,0,2
west,1,21,0,0,1
computer science,21,21,0,2,19
community,21,21,9,0,10
unopened,1,21,0,0,1
advice,17,21,0,4,12
area,1,21,0,0,1
housing,21,21,1,8,11
pantries,1,21,0,0,1
experience,19,20,4,2,12
registration,20,20,0,7,12
event,18,18,12,0,6
classes,18,18,0,3,15
course,16,16,0,0,16
options,15,15,1,2,11
enrollment,15,15,0,3,12
admissions,15,15,2,0,13
career,15,15,0,3,11
tech,15,15,3,0,12
club,14,15,6,0,7
georgia tech,15,15,3,0,10
major,15,15,0,0,14
parking,14,14,1,2,11
student,14,14,4,2,7
cs,12,14,0,0,12
courses,14,14,0,2,12
sports,13,13,0,0,13
networking,13,13,4,1,8
online,13,13,0,1,11
transportation,13,13,4,3,5
availability,12,13,0,1,11
semester,13,13,4,0,9
comparison,12,12,0,0,11
graduate,12,12,0,0,12
graduation,11,11,0,7,3
application,10,11,1,2,6
change,11,11,2,2,6
communication,11,11,1,2,8
engineering,10,11,1,1,8
academic,11,11,0,0,11
gt,9,10,1,0,8
academics,10,10,0,2,8
issue,10,10,0,5,4
events,10,10,4,0,6
meeting,10,10,5,0,4
decision,9,9,0,0,7
resources,9,9,2,0,7
gaming,9,9,4,0,3
information,8,9,1,1,6
opportunities,8,9,2,0,6
entertainment,9,9,2,0,7
majors,9,9,0,0,9
professors,9,9,0,2,7
frustration,8,8,0,7,0
professor,8,8,0,5,3
assistance,8,8,2,1,5
job,8,8,2,1,4
program,8,8,1,1,6
schedule,8,8,1,0,7
services,5,8,1,2,2
lost,8,8,0,3,5
scheduling,8,8,2,0,6
free,8,8,5,0,3
internship,8,8,2,3,3
training,8,8,3,0,5
international,8,8,0,2,4
math,8,8,0,3,5
opportunity,7,7,3,0,4
maintenance,7,7,0,6,0
pathway,7,7,0,0,7
difficulty,7,7,0,3,4
support,6,7,2,0,4
requirements,7,7,1,0,6
changes,7,7,0,2,5
fall,7,7,2,1,3
connectivity,7,7,0,2,5
performance,7,7,1,1,5
organization,7,7,3,1,3
technical,7,7,0,2,5
music,7,7,1,1,5
summer,6,6,1,1,4
status,5,6,0,2,3
credit,6,6,0,0,6
2023,6,6,1,1,4
tickets,6,6,0,1,5
collaboration,6,6,2,0,4
clubs,6,6,0,0,5
troubleshooting,6,6,0,2,4
acceptance,6,6,1,0,4
class,6,6,0,3,3
credits,6,6,1,0,4
weather,6,6,1,1,3
science,6,6,0,0,6
business,4,6,0,0,4
financial aid,6,6,0,2,4
applications,6,6,2,2,2
inquiry,6,6,0,0,6
safety,6,6,0,1,4
eligibility,6,6,1,1,4
issues,6,6,0,5,1
selection,6,6,0,2,4
discord,6,6,2,0,3
home,2,6,0,1,1
software,5,6,0,2,3
computing,3,5,0,0,3
help,5,5,1,3,1
reapplying,1,5,0,0,1
physics,5,5,0,0,5
mathematics,5,5,0,1,4
prioritization,4,5,0,1,3
leadership,5,5,1,3,1
testing,5,5,1,0,4
master's,5,5,0,0,4
request,5,5,1,2,1
roommate,5,5,0,3,2
time,5,5,0,0,3
requirement,5,5,0,2,3
timing,4,5,0,0,3
tips,5,5,0,0,5
access,5,5,0,0,4
teamwork,5,5,1,0,4
personal,1,5,0,0,1
ethics,5,5,0,0,4
teaching,4,5,0,2,2
perception,5,5,0,0,4
error,5,5,0,3,1
culture,5,5,0,0,5
permits,5,5,0,0,5
accommodation,4,5,0,1,3
security,5,5,0,0,4
social,5,5,0,0,4
shopping,5,5,0,0,5
georgia,5,5,1,0,4
programs,3,5,0,0,2
competition,5,5,1,0,3
stability,1,5,0,0,1
ai,5,5,1,0,4
mistake,5,5,0,2,1
undergraduate,3,5,0,0,3
transition,5,5,0,0,5
waitlists,5,5,0,1,4
website,5,5,2,0,3
apartment,5,5,0,4,1
mscs,5,5,0,2,3
tuition,4,5,0,1,3
headshots,1,4,0,0,1
video,4,4,1,0,3
decision-making,4,4,0,0,4
commuting,4,4,1,1,2
degree,4,4,0,0,4
payment,4,4,0,2,2
machine learning,4,4,0,0,4
fraternity,4,4,0,0,4
department,4,4,0,3,1
photography,1,4,0,0,1
design,4,4,2,0,2
promotion,4,4,2,0,2
projects,4,4,2,1,1
data,4,4,0,0,4
removal,4,4,0,0,3
friendship,4,4,2,0,1
linguistics,4,4,0,0,4
spots,4,4,0,0,4
multilingualism,4,4,0,0,4
programming,4,4,0,0,4
management,4,4,0,2,2
linkedin,1,4,0,0,1
phd,4,4,0,0,4
exploration,4,4,0,0,3
president,4,4,1,0,2
cybersecurity,3,4,0,0,3
internet,4,4,0,2,2
closure,4,4,1,1,1
game,4,4,0,0,4
orientation,4,4,1,0,3
connections,4,4,2,0,2
activities,4,4,1,0,3
search,4,4,0,0,4
employment,3,4,0,0,3
welcome,4,4,2,0,2
email,4,4,0,3,1
policy,4,4,0,2,2
process,4,4,0,1,3
time management,4,4,1,0,3
hiring,4,4,1,0,3
efficiency,4,4,1,0,2
purchase,4,4,0,0,4
dorms,4,4,1,2,1
purchasing,4,4,0,0,4
concerns,4,4,0,3,1
ece,4,4,0,0,4
login,4,4,0,2,2
participation,4,4,0,0,4
study,4,4,0,1,3
social media,4,4,2,1,1
recreation,4,4,0,0,4
lab,4,4,0,1,3
fitness,4,4,0,0,3
gra,4,4,0,1,3
storage,4,4,0,2,2
scores,4,4,2,0,2
refund,4,4,0,2,2
location,4,4,1,0,3
recruitment,4,4,3,0,1
infestation,4,4,0,4,0
advisor,4,4,0,2,2
interests,3,3,1,1,0
problem,3,3,0,0,2
resume,3,3,0,0,2
phase 2,3,3,0,2,1
position,3,3,0,1,2
film,3,3,2,0,1
coverage,3,3,0,0,3
link,3,3,0,0,3
cost,3,3,0,1,2
roommates,3,3,0,1,1
family,3,3,0,2,1
week,3,3,1,0,2
rush,3,3,0,1,2
consulting,3,3,0,0,3
missing,3,3,0,1,2
literature,3,3,0,0,3
discount,3,3,1,0,2
cup,3,3,3,0,0
move-in,3,3,0,0,3
skills,3,3,1,0,1
size,3,3,0,1,2
assistant,3,3,0,0,3
notification,3,3,0,1,0
show,3,3,1,0,2
admission,3,3,0,0,3
elective,3,3,0,0,3
planning,3,3,0,0,3
sections,3,3,0,0,3
atlanta,3,3,0,0,2
senior design,3,3,0,0,3
join,3,3,3,0,0
portal,3,3,0,2,1
osi,3,3,0,0,2
development,3,3,2,0,1
updates,3,3,2,0,1
curriculum,3,3,0,0,3
offer,3,3,1,0,2
cyber security,3,3,0,0,2
experiences,3,3,1,1,0
library,3,3,2,0,1
exams,3,3,1,0,2
connection,3,3,0,0,2
deadlines,3,3,0,1,2
scholarship,3,3,1,0,2
socializing,3,3,2,0,1
sophomore,3,3,0,1,1
delay,3,3,0,2,0
solutions,3,3,0,1,1
delivery,3,3,1,1,1
demand,3,3,0,0,3
awareness,3,3,0,1,2
deadline,3,3,1,1,1
retail,3,3,0,0,3
freshmen,3,3,0,1,2
announcement,3,3,1,0,2
success,3,3,1,1,1
anime,3,3,1,1,0
freshman,3,3,0,0,3
books,3,3,0,0,3
rental,3,3,0,0,3
fun,3,3,1,0,1
pass,3,3,0,2,1
permit,3,3,0,0,3
algorithms,3,3,0,1,2
case,3,3,0,2,1
progress,3,3,0,1,2
system,3,3,0,2,1
project,3,3,0,0,3
marketplace,3,3,0,0,3
network,3,3,1,0,2
textbooks,3,3,0,0,3
payments,3,3,0,2,1
financial,3,3,0,0,3
boba,3,3,3,0,0
chances,3,3,0,0,3
team,3,3,1,0,2
city,3,3,0,0,3
teams,3,3,1,0,2
gatech,3,3,0,1,2
choices,3,3,0,0,3
withdrawal,3,3,0,0,3
relationships,3,3,0,1,1
alumni,3,3,0,0,2
wireless,3,3,0,2,1
improvement,3,3,0,1,2
mba,3,3,0,0,3
accommodations,3,3,1,0,2
python,3,3,0,0,3
buses,3,3,1,1,1
guidance,3,3,0,1,2
question,3,3,0,0,3
calendar,3,3,0,0,3
louisville,3,3,0,1,2
resource,3,3,1,0,2
complaints,3,3,0,2,1
studying,3,3,1,1,1
pests,3,3,0,3,0
minor,1,3,0,0,1
football,3,3,0,0,3
group,3,3,0,2,1
part-time,3,3,1,0,2
alert,3,3,0,1,1
virtual,3,3,0,1,2
conflict,3,3,0,3,0
responsibility,3,3,1,1,1
gpa,2,2,1,0,1
aid,2,2,0,0,2
open source,1,2,0,0,1
organizations,2,2,2,0,0
japanese,2,2,1,0,1
registrar,2,2,0,0,2
goals,2,2,0,1,1
used,2,2,0,0,2
glitch,2,2,0,0,1
heroku,1,2,0,0,1
waiting,2,2,0,0,2
intrusion detection,1,2,0,0,1
invitation,2,2,1,0,1
season,2,2,1,0,1
athlete,2,2,0,0,1
electronics,2,2,0,0,2
hope,2,2,0,0,2
graduate studies,1,2,0,0,1
recommendations,2,2,0,0,2
growth,2,2,0,0,1
oscar,2,2,0,0,2
effort,2,2,1,0,0
grades,2,2,0,0,2
items,2,2,0,0,2
rates,2,2,0,0,2
monthly,2,2,0,0,2
grad student,2,2,0,0,2
proxies,1,2,0,0,1
seating,2,2,0,0,2
practice,2,2,0,0,2
inconvenience,2,2,0,1,0
relevance,2,2,0,0,2
hvac,2,2,0,1,1
residency,2,2,0,0,2
approval,2,2,0,1,1
apply,2,2,0,0,2
privacy,2,2,0,0,1
found,2,2,0,0,2
operation,2,2,0,0,1
appliances,2,2,1,0,1
fashion,2,2,0,0,2
feasibility,2,2,0,1,1
professional,2,2,1,0,1
infrastructure,2,2,1,1,0
hygiene,2,2,0,2,0
flexibility,2,2,0,0,2
incoming,2,2,1,0,1
app development,2,2,0,0,1
robotics,2,2,0,1,0
industry,2,2,0,1,1
problem-solving,2,2,1,0,1
first year,2,2,0,1,1
restrictions,2,2,0,0,1
firewalls,1,2,0,0,1
fair,2,2,2,0,0
insurance,2,2,0,0,2
nave,2,2,0,0,2
friends,2,2,0,0,2
north avenue,2,2,0,0,2
arts,2,2,0,0,2
scholarships,2,2,0,1,1
academia,2,2,0,0,2
artificial intelligence,2,2,0,0,2
exam,2,2,0,0,2
excitement,2,2,1,0,1
internships,2,2,0,1,1
expectations,2,2,0,1,1
architecture,2,2,0,0,2
expenses,2,2,0,0,2
writing,2,2,0,0,2
ib,2,2,1,0,1
savings,2,2,0,0,2
waifu,2,2,1,1,0
future,2,2,0,1,1
impact,2,2,0,0,2
funding,2,2,1,1,0
analytical,2,2,1,0,1
self-study,2,2,0,0,2
memories,2,2,1,0,1
dsgt,2,2,2,0,0
auditing,2,2,0,0,2
coding,2,2,0,0,1
cognition,2,2,0,0,2
biomedical,2,2,0,0,2
tutoring,2,2,0,1,1
achievement,2,2,1,1,0
accuracy,2,2,0,0,2
suggestions,2,2,0,0,2
accountability,2,2,0,0,2
mail,2,2,0,0,1
subscription,2,2,0,0,2
compliance,2,2,0,1,1
computational,2,2,0,0,2
style,2,2,0,0,2
minors,2,2,0,0,2
behavior,2,2,0,2,0
co-ed,2,2,1,0,1
conference,2,2,0,0,2
conflicts,2,2,0,0,2
confusion,2,2,0,1,0
conservation,2,2,1,0,1
logistics,2,2,0,0,2
locker,2,2,0,0,2
contact,2,2,0,0,2
struggle,2,2,0,2,0
strategy,2,2,1,0,0
statistics,2,2,0,0,2
state,2,2,0,0,2
startup,2,2,1,0,1
covid-19,2,2,0,1,1
cpt,2,2,0,2,0
cockroaches,2,2,0,2,0
next steps,2,2,0,1,1
creative,2,2,1,0,1
thesis,2,2,0,0,2
tracking,2,2,1,0,1
tools,2,2,0,0,2
meeting times,2,2,0,0,2
buzzcard,2,2,0,1,1
memory,2,2,0,2,0
tradition,2,2,0,0,2
calculus,2,2,0,0,2
bs/ms,2,2,0,0,2
partners,2,2,0,0,2
on-campus,2,2,0,1,1
canvas,2,2,0,0,2
capacity,2,2,0,0,2
capstone,2,2,0,0,2
ticket,2,2,0,0,2
casting,2,2,0,0,1
switching,2,2,0,0,2
celebration,2,2,1,0,1
pathways,2,2,0,0,2
break,2,2,0,0,2
transit,2,2,0,0,2
temperature,2,2,0,0,2
pay,2,2,1,0,1
masters,2,2,0,0,2
body pillows,2,2,1,0,1
bobby dodd,2,2,0,0,2
mfa,1,2,0,0,1
mascot,2,2,1,0,1
tabling,2,2,2,0,0
martial arts,2,2,0,0,2
bme,2,2,1,0,1
living,2,2,0,2,0
petition,2,2,1,0,0
language,2,2,0,1,1
degrees,2,2,0,0,2
specialization,2,2,0,0,2
sport,2,2,1,0,1
update,2,2,0,1,1
linear algebra,2,2,0,0,2
learning,2,2,1,0,1
data analysis,2,2,0,0,2
data science,2,2,1,0,1
pillow,2,2,0,1,0
leisure,2,2,0,0,2
nightlife,2,2,0,0,2
politics,2,2,0,0,2
key,2,2,0,0,2
dates,2,2,0,0,2
dining,2,2,1,0,1
decisions,2,2,0,0,2
kickoff,2,2,1,0,1
outage,2,2,0,0,2
display,2,2,2,0,0
urban,2,2,0,1,1
wallet,2,2,0,1,1
dorm,2,2,0,0,2
mobile,2,2,0,0,2
direction,2,2,0,0,2
out-of-state,2,2,0,0,2
basketball,2,2,0,0,2
difficulties,2,2,0,0,2
job search,2,2,0,1,1
universities,2,2,0,0,2
plumbing,2,2,0,2,0
spot,2,2,0,1,1
situation,2,2,0,1,0
joining,2,2,0,0,2
service,2,2,1,0,1
list,2,2,0,0,1
links,1,2,0,0,1
showcase,2,2,2,0,0
patterns,1,1,0,0,1
promotions,1,1,0,1,0
older,1,1,0,0,1
prompt,1,1,0,0,1
paintball,1,1,0,0,1
prospects,1,1,1,0,0
page,1,1,0,0,1
poker,1,1,0,0,1
nsf,1,1,0,0,1
podcast,1,1,0,0,1
panic,1,1,0,1,0
police,1,1,0,0,1
printable,1,1,0,0,1
paper,1,1,0,0,1
pump,1,1,0,1,0
portfolio,1,1,0,0,1
qualifications,1,1,0,0,0
pytorch,1,1,0,0,1
positions,1,1,0,0,1
posters,1,1,0,0,1
purging,1,1,0,0,1
pornography,1,1,0,1,0
pool,1,1,0,0,1
opening,1,1,0,0,1
out of state,1,1,0,0,1
posting,1,1,0,0,1
publishing,1,1,0,0,1
policies,1,1,0,1,0
parenting,1,1,0,1,0
publications,1,1,0,0,1
public,1,1,1,0,0
psychopharmacology,1,1,0,0,1
omscs,1,1,0,0,1
party,1,1,0,0,1
psychoactive,1,1,0,0,1
passes,1,1,0,0,1
passport,1,1,0,0,1
psi upsilon,1,1,1,0,0
path,1,1,0,0,1
partnerships,1,1,1,0,0
overwhelmed,1,1,0,1,0
praise,1,1,1,0,0
phase ii,1,1,0,0,1
open,1,1,0,0,1
opinions,1,1,0,0,1
processing,1,1,0,1,0
office,1,1,0,1,0
pikmin,1,1,0,0,0
outreach,1,1,1,0,0
processes,1,1,0,0,1
preseason,1,1,0,0,1
problems,1,1,0,1,0
outings,1,1,0,0,1
offerings,1,1,1,0,0
probability,1,1,0,0,1
platform,1,1,0,0,1
philosophy,1,1,0,0,1
outbreak,1,1,0,1,0
prizes,1,1,1,0,0
pressure,1,1,0,1,0
physical activity,1,1,0,1,0
preview,1,1,0,0,1
previous,1,1,0,0,1
option,1,1,0,0,1
prices,1,1,0,0,1
printing,1,1,0,0,1
primer,1,1,0,0,1
pest control,1,1,0,1,0
produce,1,1,0,0,1
pest,1,1,0,1,0
online learning,1,1,0,0,1
permission,1,1,0,1,0
preferences,1,1,0,0,1
packing,1,1,0,0,1
planner,1,1,0,0,1
plagiarism,1,1,0,0,1
pickle ball,1,1,0,0,1
persistence,1,1,0,1,0
openings,1,1,0,0,1
proficiency,1,1,0,0,1
preschool,1,1,0,0,1
oversight,1,1,0,0,0
overrides,1,1,0,0,1
override,1,1,0,1,0
placement,1,1,0,0,1
overnight,1,1,0,0,1
operations center,1,1,0,0,1
outside,1,1,0,0,1
nyc,1,1,0,0,1
pipeline,1,1,0,0,1
ods,1,1,0,0,1
personal belongings,1,1,0,0,1
productivity,1,1,0,0,1
production,1,1,1,0,0
quantum computing,1,1,0,0,0
12-2,1,1,1,0,0
quarterback,1,1,0,0,1
theatre,1,1,1,0,0
table,1,1,0,0,1
taro,1,1,1,0,0
tas,1,1,0,1,0
tea,1,1,1,0,0
tech green,1,1,1,0,0
techniques,1,1,0,0,1
techwood dr.,1,1,0,0,1
techwood drive,1,1,1,0,0
temperature control,1,1,0,1,0
temporary,1,1,0,0,1
tensorflow,1,1,0,0,1
test,1,1,0,0,0
textile,1,1,0,0,1
theft,1,1,0,0,1
systems,1,1,0,0,1
therapy,1,1,0,0,1
thermostats,1,1,0,1,0
thread,1,1,0,1,0
threat,1,1,0,1,0
thunder,1,1,0,0,1
time-management,1,1,0,0,1
tire,1,1,0,1,0
tn,1,1,0,0,1
tomorrow,1,1,1,0,0
top schools,1,1,0,0,1
tournaments,1,1,1,0,0
towels,1,1,0,0,1
trading,1,1,0,0,1
t-shirts,1,1,0,0,1
swimming,1,1,0,0,1
transferring,1,1,0,0,1
student organization,1,1,0,0,1
starting,1,1,0,0,1
statics,1,1,0,0,1
station,1,1,0,0,1
stats,1,1,0,0,1
stem,1,1,0,0,1
stereotypes,1,1,0,1,0
stranger,1,1,0,1,0
strategies,1,1,0,0,1
student athlete,1,1,0,0,0
student center,1,1,0,0,1
student government,1,1,0,0,1
student groups,1,1,1,0,0
student life,1,1,0,0,1
studies,1,1,0,0,1
swap,1,1,0,0,1
subjects,1,1,0,0,1
sublet,1,1,0,0,1
submission,1,1,0,0,1
subreddit,1,1,0,0,1
substance abuse,1,1,0,0,1
subteams,1,1,0,0,0
succeeding,1,1,0,0,1
summer class,1,1,0,0,1
summer term,1,1,0,0,1
supercomputing,1,1,0,0,0
supervisor,1,1,0,1,0
survey,1,1,0,0,1
suspicion,1,1,0,1,0
transcript,1,1,0,0,1
transfers,1,1,0,0,1
start,1,1,0,0,1
web,1,1,0,0,1
views,1,1,1,0,0
vip,1,1,0,0,1
vip program,1,1,0,0,0
viral,1,1,0,1,0
visit,1,1,0,0,1
visitors,1,1,0,0,1
vocabulary,1,1,0,0,1
voice,1,1,0,0,1
volunteer,1,1,0,1,0
wait times,1,1,0,0,1
wait-list,1,1,0,0,1
walk,1,1,0,0,1
warning,1,1,0,0,1
web development,1,1,0,0,1
venture,1,1,1,0,0
weights,1,1,0,0,1
whiteboards,1,1,0,1,0
winter,1,1,0,0,1
wok chi,1,1,1,0,0
woodruff,1,1,0,1,0
work spaces,1,1,0,0,1
worries,1,1,0,1,0
worry,1,1,0,0,0
worth,1,1,0,0,1
year,1,1,0,0,1
yjacp,1,1,1,0,0
young,1,1,1,0,0
zel miller,1,1,0,0,1
venue,1,1,0,0,1
vendor,1,1,0,0,1
transgender,1,1,0,0,1
undergrad,1,1,0,0,1
travel,1,1,0,0,1
trend,1,1,0,0,1
tribute,1,1,0,1,0
tuition waiver,1,1,0,1,0
tutor,1,1,0,1,0
tv,1,1,0,0,1
typescript,1,1,0,0,1
uga,1,1,0,0,1
uhouse,1,1,0,1,0
unacceptable.,1,1,0,1,0
uncategorized,1,1,0,0,1
uncertainty,1,1,0,1,0
uncomfortable,1,1,0,1,0
undergraduates,1,1,0,0,1
vegetarian,1,1,1,0,0
unity,1,1,0,0,1
unknown,1,1,0,0,1
unwanted,1,1,0,0,1
upgrades,1,1,0,1,0
uploading,1,1,0,0,1
urbanization,1,1,0,1,0
uroc,1,1,0,0,1
usefulness,1,1,0,0,1
user experience,1,1,0,1,0
utilities,1,1,0,1,0
vacation,1,1,0,0,1
value,1,1,0,1,0
variety,1,1,0,0,0
start date,1,1,0,1,0
standing,1,1,0,0,1
query,1,1,0,0,1
retaliation,1,1,0,1,0
renovations,1,1,0,1,0
rent,1,1,0,0,1
repairs,1,1,0,1,0
replacement,1,1,0,1,0
report,1,1,0,1,0
representation,1,1,0,0,1
research work,1,1,0,1,0
reservations,1,1,0,0,1
residences,1,1,1,0,0
resident,1,1,0,0,1
residents,1,1,0,0,0
respect,1,1,0,1,0
results,1,1,0,0,1
returns,1,1,0,0,1
remote,1,1,0,0,1
revenue,1,1,1,0,0
reviews,1,1,0,0,1
rideshare,1,1,1,0,0
rivalry,1,1,0,0,1
rl,1,1,0,0,1
robots,1,1,1,0,0
roller derby,1,1,1,0,0
rollout,1,1,0,1,0
room,1,1,0,0,1
route,1,1,0,0,1
royalties,1,1,0,0,1
rsvp,1,1,1,0,0
rules,1,1,0,0,1
renaming,1,1,0,0,1
reminder,1,1,0,0,0
rushing,1,1,0,0,1
reality tv,1,1,0,0,0
questioning,1,1,0,0,1
questions,1,1,0,0,1
queue,1,1,0,0,1
quiet,1,1,0,0,1
quitting,1,1,0,0,0
race,1,1,0,0,1
rant,1,1,0,1,0
raw,1,1,0,0,1
react,1,1,0,0,1
reading,1,1,0,0,1
real estate,1,1,0,0,1
realignment,1,1,0,0,1
reality,1,1,0,0,1
reapplication,1,1,0,0,1
remembrance,1,1,0,1,0
recommendation,1,1,0,0,1
recruiting,1,1,0,0,1
redesign,1,1,0,1,0
refunds,1,1,0,0,1
regents,1,1,0,0,1
registrations,1,1,0,0,1
regret,1,1,0,1,0
regular,1,1,0,1,0
rejection,1,1,0,0,1
relationship,1,1,0,1,0
reliability,1,1,0,0,1
relief,1,1,1,0,0
relocation,1,1,0,0,1
rushees,1,1,0,1,0
ruys,1,1,0,1,0
stamps,1,1,0,1,0
smoothie,1,1,0,0,1
server,1,1,1,0,0
session,1,1,0,0,1
sexual,1,1,0,1,0
shared living,1,1,0,0,1
sharing,1,1,1,0,0
shipping,1,1,0,0,1
shop,1,1,1,0,0
shops,1,1,0,0,1
similar,1,1,0,0,1
singh,1,1,0,0,1
skating,1,1,1,0,0
sleep,1,1,1,0,0
small groups,1,1,1,0,0
soldering,1,1,0,0,1
sentiment analysis,1,1,0,0,1
song,1,1,1,0,0
sound,1,1,0,0,1
spaces,1,1,0,0,1
spam,1,1,0,1,0
specializations,1,1,0,0,1
speed,1,1,0,0,1
spell,1,1,0,0,1
spike,1,1,0,1,0
spike ball,1,1,0,0,1
split,1,1,0,0,1
spring,1,1,0,0,1
stadium,1,1,0,0,1
staff,1,1,0,1,0
sept,1,1,0,0,1
senior,1,1,0,1,0
saas,1,1,1,0,0
sciences,1,1,0,0,1
salaries,1,1,0,0,1
sale,1,1,0,0,1
sales,1,1,0,0,1
sales tax,1,1,0,0,1
sanderson sisters,1,1,0,0,1
sanitation,1,1,0,1,0
saturday,1,1,0,0,1
scanners,1,1,0,0,1
scanning,1,1,0,1,0
schedules,1,1,0,0,1
scheming,1,1,0,1,0
scholars,1,1,0,1,0
schooling,1,1,0,0,1
scikit learn,1,1,0,0,1
sendoff,1,1,0,0,1
scooter,1,1,0,0,1
scooters,1,1,0,1,0
screening,1,1,0,0,1
seats,1,1,0,0,1
secondary major,1,1,0,0,1
secondhand,1,1,0,0,1
seed,1,1,0,0,1
segmentation,1,1,0,0,1
select,1,1,0,0,1
self-improvement,1,1,1,0,0
selling,1,1,0,0,1
semesters,1,1,0,0,1
seminar,1,1,0,0,1
notifications,1,1,1,0,0
keys,1,1,0,1,0
notes,1,1,0,0,1
contract,1,1,0,0,1
copyright,1,1,0,0,1
convenience,1,1,1,0,0
controversy,1,1,0,1,0
control,1,1,0,1,0
contradiction,1,1,0,1,0
contracts,1,1,0,0,1
contact list,1,1,0,0,1
concern,1,1,0,1,0
consumer goods,1,1,0,0,1
construction,1,1,0,0,1
consideration,1,1,0,0,1
consequences,1,1,0,0,1
conditions,1,1,0,1,0
condition,1,1,0,0,1
costs,1,1,0,1,0
couch park,1,1,0,0,1
counting,1,1,0,0,0
course credit,1,1,0,0,1
course load,1,1,0,0,1
course registration,1,1,0,0,1
course selection,1,1,0,0,1
courseload,1,1,0,0,1
crc,1,1,0,0,1
credentials,1,1,0,1,0
cricket,1,1,0,0,1
crisis,1,1,0,1,0
critiques,1,1,0,0,1
cs 1332,1,1,0,0,1
cs 2340,1,1,0,1,0
cs major,1,1,0,0,0
cs majors,1,1,0,0,1
concert,1,1,0,0,1
computers,1,1,0,0,1
culc,1,1,0,1,0
clothing,1,1,0,0,1
co-op program,1,1,0,0,1
co-living,1,1,0,0,1
co-creative,1,1,0,0,1
clustering,1,1,0,0,1
cloud storage,1,1,0,0,1
cloud computing,1,1,1,0,0
close,1,1,1,0,0
computer,1,1,0,0,1
clinical,1,1,0,1,0
climate,1,1,0,0,1
cleared,1,1,0,0,1
cleaning,1,1,0,0,0
classroom,1,1,0,0,1
classifier,1,1,0,0,1
coding.,1,1,0,0,0
coffee,1,1,1,0,0
collection,1,1,0,0,1
color,1,1,0,0,1
combo,1,1,0,1,0
comedy,1,1,0,0,1
comfortable,1,1,0,0,1
committee,1,1,0,0,1
compensation,1,1,0,0,1
competitive,1,1,0,0,0
competitive programming,1,1,0,0,0
completion,1,1,0,1,0
complexity,1,1,0,0,1
compliment,1,1,1,0,0
compsci,1,1,0,0,1
computational data analytics,1,1,0,0,1
computational media,1,1,0,0,1
cse,1,1,0,0,1
curiosity,1,1,0,0,1
notebooks.,1,1,1,0,0
dress,1,1,0,0,1
dual degrees,1,1,0,0,1
drugs,1,1,0,0,1
drug screening,1,1,0,0,1
drug,1,1,0,0,1
dropping,1,1,0,0,1
dropped,1,1,0,0,1
dramatech,1,1,1,0,0
disposal,1,1,0,0,1
downtown,1,1,0,0,1
doubt,1,1,0,1,0
double major,1,1,0,0,1
dormitory,1,1,0,1,0
django,1,1,0,0,1
disturbing,1,1,0,1,0
dual enrollment,1,1,0,0,1
dumbbells,1,1,0,0,1
duration,1,1,0,0,1
dynamics,1,1,0,0,1
e-scooters,1,1,0,0,1
ebook,1,1,0,0,1
ebooks,1,1,0,0,1
economics,1,1,0,0,1
eduroam,1,1,0,1,0
effectiveness,1,1,0,0,1
electrical engineering,1,1,0,0,1
emergency,1,1,0,0,0
emphasis,1,1,0,0,1
ems,1,1,1,0,0
english,1,1,0,0,1
entrance,1,1,0,1,0
entrepreneurship,1,1,0,0,1
dispute,1,1,0,1,0
dismissal,1,1,0,1,0
customer service,1,1,0,1,0
dealership,1,1,0,0,1
demands,1,1,0,1,0
delays,1,1,0,1,0
degreeworks,1,1,0,0,1
degree works,1,1,0,0,0
defect,1,1,0,0,0
deep learning,1,1,0,0,1
de perez,1,1,0,1,0
discussion,1,1,0,0,1
day,1,1,0,0,1
date,1,1,0,0,1
data structures,1,1,0,0,1
data storage,1,1,0,0,1
dance,1,1,0,0,1
damage,1,1,0,1,0
deportation,1,1,0,1,0
deshaw,1,1,0,0,1
desktop,1,1,0,1,0
destination,1,1,0,0,1
determination,1,1,0,1,0
deterrent,1,1,0,0,1
developer,1,1,1,0,0
differences,1,1,0,0,1
digital,1,1,0,0,1
digital locks,1,1,0,1,0
dining hall,1,1,0,0,1
diplomacy,1,1,0,0,1
disability,1,1,1,0,0
disappointment,1,1,0,0,0
discipline,1,1,1,0,0
discrete math,1,1,0,0,1
discrimination,1,1,0,1,0
cityscape,1,1,0,1,0
cios,1,1,0,1,0
choosing,1,1,0,0,1
applied math,1,1,0,0,1
assessment,1,1,0,0,1
asmr,1,1,1,0,0
asian,1,1,1,0,0
arrival,1,1,0,0,1
ar,1,1,0,0,0
approval time,1,1,0,1,0
applied,1,1,0,0,1
analytics,1,1,0,0,1
appliance,1,1,0,0,1
appeal,1,1,0,0,0
app,1,1,1,0,0
apartments,1,1,0,0,1
ap,1,1,0,0,1
annoyance,1,1,0,1,0
assignments,1,1,0,1,0
astonished,1,1,1,0,0
async,1,1,0,0,1
athletes,1,1,0,0,1
athletics,1,1,0,0,1
attendance,1,1,0,0,1
attention,1,1,0,1,0
aug 21,1,1,0,0,1
august,1,1,0,0,1
authenticity,1,1,0,0,1
automation,1,1,0,0,0
awarded,1,1,0,0,1
aws,1,1,0,0,1
b2b,1,1,1,0,0
band,1,1,0,1,0
bar,1,1,0,0,1
barnes & noble,1,1,0,0,1
animals,1,1,0,0,1
analysis,1,1,0,0,1
chinese,1,1,0,0,1
accessing,1,1,0,0,1
activism,1,1,1,0,0
active,1,1,0,0,1
actions,1,1,0,0,1
acquisition,1,1,0,0,1
accounting,1,1,0,0,1
accomplishment,1,1,1,0,0
accent,1,1,0,1,0
amazement,1,1,1,0,0
abroad,1,1,0,0,1
6740,1,1,0,0,1
4th edition,1,1,0,0,1
3d printing,1,1,0,0,1
3403,1,1,0,0,1
3012,1,1,0,1,0
adaptability,1,1,0,0,1
addressing,1,1,0,1,0
adolescence,1,1,0,0,1
advanced,1,1,0,0,1
adventure,1,1,0,0,0
advertising,1,1,0,0,1
advising,1,1,0,0,1
advisors,1,1,0,0,1
aerodynamics,1,1,0,0,1
affordability,1,1,0,1,0
affordable,1,1,1,0,0
ai/ml,1,1,0,0,1
air quality,1,1,0,0,1
alarms,1,1,0,0,1
alexander,1,1,0,1,0
alignment,1,1,0,0,1
alternatives,1,1,0,0,0
baseball,1,1,0,0,1
beach,1,1,0,0,1
begging,1,1,0,1,0
car,1,1,0,0,1
cars,1,1,1,0,0
carpool,1,1,0,0,1
careers,1,1,0,0,1
career fair,1,1,0,0,1
card games,1,1,1,0,0
card,1,1,1,0,0
cancellation,1,1,0,0,1
beginner,1,1,0,0,0
campus life,1,1,0,0,0
call,1,1,0,0,1
caleb southern,1,1,1,0,0
calculator,1,1,0,0,1
buzzport,1,1,0,0,1
buzz,1,1,0,0,1
cashier,1,1,1,0,0
casual,1,1,0,0,0
celebrity,1,1,0,0,1
center,1,1,1,0,0
certification,1,1,0,1,0
chance.,1,1,0,1,0
chapter,1,1,0,0,1
chapters,1,1,0,0,1
charges,1,1,0,1,0
chatbots,1,1,0,0,1
chattanooga,1,1,0,0,1
cheating,1,1,0,0,1
checkpoints,1,1,0,0,1
chemistry,1,1,0,1,0
chess,1,1,1,0,0
chicken,1,1,1,0,0
children,1,1,0,1,0
busy,1,1,0,0,1
business analytics,1,1,0,0,1
bursar,1,1,0,1,0
board,1,1,0,0,1
beginners,1,1,1,0,0
beginning,1,1,0,1,0
benefits,1,1,1,0,0
bff,1,1,0,0,1
bicycles,1,1,0,0,1
bids,1,1,0,1,0
big o theory,1,1,0,0,0
bike,1,1,0,1,0
biochemistry,1,1,0,0,1
bioengineering,1,1,0,0,1
biotechnology,1,1,0,0,1
birds,1,1,0,0,1
blender,1,1,0,0,1
bloom,1,1,0,0,0
board games,1,1,0,0,1
burger bowl field,1,1,0,0,1
book,1,1,0,0,1
booking,1,1,0,0,1
bookstore,1,1,0,0,1
bootcamp,1,1,1,0,0
boundaries,1,1,0,1,0
branding,1,1,0,1,0
brent key,1,1,1,0,0
brewery,1,1,0,0,1
broken,1,1,0,1,0
bs,1,1,0,0,1
bsms,1,1,0,0,1
budget,1,1,0,1,0
bug,1,1,0,0,0
bumble,1,1,0,0,1
environment,1,1,1,0,0
equations,1,1,0,0,1
equipment,1,1,1,0,0
kitchen staff,1,1,1,0,0
latino,1,1,0,0,1
last day,1,1,0,1,0
languages,1,1,0,0,0
language learning,1,1,0,0,1
knowledge,1,1,0,0,1
knife,1,1,0,0,1
kitchen,1,1,1,0,0
japan,1,1,1,0,0
2015,1,1,0,0,1
jupyter,1,1,1,0,0
junior,1,1,0,0,0
journey,1,1,0,0,1
jobs,1,1,0,0,1
job fair,1,1,0,0,1
law school,1,1,0,0,1
leftists,1,1,1,0,0
legal,1,1,0,0,1
lgbt,1,1,0,1,0
lift,1,1,0,0,0
live,1,1,0,0,1
living situation,1,1,0,1,0
lmc,1,1,0,0,1
loan,1,1,0,0,1
loan issues,1,1,0,1,0
local,1,1,0,0,1
locations,1,1,0,0,1
loss,1,1,0,1,0
lots,1,1,0,0,1
love,1,1,0,0,0
lsat,1,1,0,0,1
lunch,1,1,0,0,1
job applications,1,1,0,0,1
jackets.,1,1,1,0,0
immersion,1,1,0,0,1
inconsistency,1,1,0,1,0
information management,1,1,0,0,1
industrial design,1,1,0,0,1
independent,1,1,0,0,1
independence,1,1,1,0,0
indecision,1,1,0,1,0
increase,1,1,0,0,1
inappropriate,1,1,0,0,0
item,1,1,0,1,0
inadequate,1,1,0,1,0
inaccuracy,1,1,0,0,0
improving,1,1,0,0,1
improvements,1,1,0,1,0
improv,1,1,1,0,0
impressed,1,1,1,0,0
initiatives,1,1,0,0,1
innovation,1,1,1,0,0
input,1,1,0,0,1
inspiration,1,1,0,0,1
instagram,1,1,1,0,0
instructors,1,1,0,0,1
integrity,1,1,0,0,1
intellectual property,1,1,0,0,1
interdisciplinary,1,1,0,0,1
interest,1,1,1,0,0
intermediate,1,1,1,0,0
international student,1,1,0,1,0
interrogation,1,1,0,0,1
interview,1,1,0,0,1
introduction,1,1,0,0,1
introversion,1,1,0,0,0
involvement,1,1,0,0,1
ma,1,1,0,0,1
machine,1,1,0,0,1
maker space,1,1,0,0,1
ms,1,1,0,0,1
music industry,1,1,1,0,0
multitasking,1,1,1,0,0
multiple,1,1,0,0,1
multi-task,1,1,0,0,1
multi-modal,1,1,0,0,1
msc,1,1,0,0,1
movement,1,1,0,0,1
makerspace,1,1,0,0,1
mods,1,1,0,0,1
mobility,1,1,0,1,0
ml/dl,1,1,0,0,1
misunderstanding,1,1,0,0,0
misery,1,1,0,1,0
misconduct,1,1,0,0,1
mythology,1,1,0,0,1
nature,1,1,1,0,0
nav,1,1,0,0,1
nervous,1,1,0,0,1
neural network,1,1,0,0,1
neuro/psych,1,1,0,0,1
neuroengineering,1,1,0,0,1
neuroscience,1,1,0,0,1
new,1,1,0,0,0
new era,1,1,1,0,0
newcomers,1,1,1,0,0
news,1,1,0,0,1
niantic,1,1,0,0,0
nightclub,1,1,0,0,1
non-tech,1,1,0,0,1
non-traditional,1,1,0,0,1
norm,1,1,1,0,0
miscommunication,1,1,0,1,0
mind-control,1,1,0,0,1
milk,1,1,1,0,0
meditation,1,1,0,0,1
mandate,1,1,0,0,1
manoj deshp,1,1,0,0,1
mapping,1,1,0,0,1
mask,1,1,0,0,1
master program,1,1,0,0,1
master's program,1,1,0,1,0
material,1,1,0,0,1
mbs,1,1,0,0,1
me,1,1,0,0,1
meal plan,1,1,0,0,1
measures,1,1,0,0,1
media,1,1,0,0,1
mediapipe,1,1,0,0,1
medical,1,1,0,1,0
meet,1,1,1,0,0
milestone,1,1,1,0,0
meet-and-greet,1,1,0,0,1
meetup,1,1,0,0,1
members,1,1,0,0,1
membership,1,1,0,1,0
mentorship,1,1,0,0,1
mercedes benz,1,1,0,0,1
mercedes-benz,1,1,0,0,1
mess,1,1,0,0,0
messages,1,1,0,1,0
messaging,1,1,0,0,1
microsoft,1,1,0,1,0
microwaves,1,1,0,0,1
midtown,1,1,0,0,1
migration,1,1,0,0,1
importing,1,1,1,0,0
image,1,1,0,1,0
equivalency,1,1,0,0,1
filming,1,1,0,1,0
first-year,1,1,0,0,1
first-generation,1,1,0,0,1
firms,1,1,0,0,1
finances,1,1,0,1,0
finance,1,1,0,0,1
filmmaking,1,1,1,0,0
filling,1,1,0,0,1
feedback,1,1,0,0,1
file management,1,1,0,0,1
fifa,1,1,0,0,0
fields,1,1,1,0,0
field,1,1,0,0,1
fiction,1,1,0,0,1
festival,1,1,1,0,0
fish,1,1,0,0,1
fit,1,1,0,0,1
fix,1,1,0,1,0
flaw,1,1,0,0,0
flexible,1,1,1,0,0
flo,1,1,0,0,1
fluency,1,1,0,0,1
focus,1,1,0,0,1
folklore,1,1,0,0,1
folks,1,1,0,0,1
form,1,1,0,0,1
fortune 500,1,1,1,0,0
frameworks,1,1,0,0,1
fraternities,1,1,0,0,1
freebie,1,1,0,0,1
freshwater,1,1,0,0,1
friday,1,1,1,0,0
fees,1,1,0,0,1
feed,1,1,0,0,1
identification,1,1,0,0,1
executive,1,1,0,0,1
extension,1,1,0,0,1
expo,1,1,1,0,0
explicit,1,1,0,1,0
experiment,1,1,0,0,0
expense,1,1,0,1,0
exit,1,1,0,1,0
exclusion,1,1,0,1,0
fault,1,1,0,0,0
evening,1,1,0,0,1
evaluation,1,1,0,0,1
europe,1,1,0,0,0
etiquette,1,1,0,0,1
essay,1,1,0,1,0
errors,1,1,0,1,0
externship,1,1,0,0,1
externships,1,1,1,0,0
extracurricular,1,1,0,0,1
fabric,1,1,0,0,1
facilities,1,1,0,1,0
facility,1,1,0,0,1
faculty,1,1,0,0,1
fafsa,1,1,0,0,1
fail,1,1,0,0,1
failure,1,1,0,1,0
fairs,1,1,0,1,0
fall 2023,1,1,0,0,1
fall semester,1,1,0,0,1
fall'23,1,1,0,0,1
fallthrough,1,1,0,0,1
fans,1,1,0,0,1
faset,1,1,0,0,1
fulton county,1,1,0,0,1
fundraiser,1,1,0,0,1
furnished,1,1,0,1,0
harassment,1,1,0,1,0
high school,1,1,0,0,1
hemophilia,1,1,0,0,1
heat,1,1,0,0,0
health,1,1,0,0,1
hat,1,1,0,0,1
harm reduction,1,1,0,0,1
happiness,1,1,1,0,0
furniture,1,1,1,0,0
hackathon,1,1,0,0,1
guidelines,1,1,0,0,1
guide,1,1,0,0,1
gtri,1,1,0,0,1
gtpd,1,1,0,1,0
gtech,1,1,0,0,1
higher education,1,1,0,0,1
higher level,1,1,0,0,1
highlights,1,1,1,0,0
hispanic,1,1,0,0,1
history,1,1,0,0,1
honeydew,1,1,1,0,0
honor society,1,1,0,0,1
honors,1,1,0,0,1
hotel,1,1,0,0,1
hours,1,1,0,0,1
household,1,1,0,0,1
humor,1,1,0,1,0
hype,1,1,1,0,0
hypnosis,1,1,0,0,1
hyundai field,1,1,0,0,1
id card,1,1,0,0,1
ideas,1,1,0,0,1
gta,1,1,0,1,0
gt boxing,1,1,0,0,0
groups,1,1,0,0,1
google colab,1,1,1,0,0
ga,1,1,0,0,1
ga tech,1,1,0,0,1
ga-tech,1,1,0,0,1
game development,1,1,0,1,0
games,1,1,0,0,1
gap year,1,1,0,1,0
gate,1,1,0,1,0
gathering,1,1,1,0,0
generative ai,1,1,1,0,0
genshin impact,1,1,0,0,0
gifts,1,1,0,0,1
giveaway,1,1,0,0,1
global,1,1,0,0,1
golf,1,1,0,0,1
grace house,1,1,1,0,0
groupme,1,1,0,0,1
grad,1,1,0,0,1
grad level,1,1,0,0,1
grad school,1,1,0,0,1
grad students,1,1,1,0,0
gradsga,1,1,0,0,1
graduate admissions,1,1,0,0,1
graduate students,1,1,0,1,0
graduating,1,1,0,0,1
grammar,1,1,0,0,1
gre,1,1,0,0,1
green,1,1,1,0,0
grievance,1,1,0,1,0
group chat,1,1,0,0,1
group messaging,1,1,1,0,0
zoom,1,1,0,0,1
