type,text,sentiment,topic,score,date,generalized_topic
post,"Anything fun to do on NYE? I don't have any friends. Alright I do have friends, but none of them want to do anything other than stay in bed. Is there anything else I can do tonight?  I feel like shit just staying in my apartment with no one to celebrate the New year with.  My roommate didn't even want to hang out with me. ",Negative,Loneliness and lack of plans for New Year's Eve.,10,2018-12-31,"loneliness, plans, new year's eve"
post,Student MATLAB License. I graduated in December. Does anyone know when my MATLAB license will expire for the download on my personal laptop?,"Neutral
Topic: MATLAB License expiration",Error,1,2018-12-31,"software, license, expiration, laptop"
post,"Spring Parking Permit. The background is I'm working part-time near-ish campus and was planning on parking there for free and biking to campus for my two classes, but turns out my parents sold my bike at some point during the fall so that's no longer a viable option. 

I had a semesterly parking permit for the fall, and it looks like everything for the spring is sold out now. Are there likely to be more permits available before the semester starts or am I just out of luck now?",Neutral,Spring Parking Permit Availability.,1,2018-12-31,"parking, permit, availability, semester, campus"
post,Free uber and Lyft code for tonight: MONGE2019. If anyone needs a ride home tonight use uber or Lyft promo code MONGE2019 from midnight to 4 am. This is provided by law firm Monge and Associates so shout out to them. Stay safe out there jackets.,"Positive
Topic: Ride-sharing promotion",Error,30,2018-12-31,"transportation, promo, safety, law, shoutout"
post,What do you do in VIP research?. [deleted],Neutral,VIP research.,4,2018-12-31,"research, vip, analysis, investigation, study"
post,New Joint Center for Mental Health Assessment and Referrals. https://www.news.gatech.edu/2018/12/07/partnership-creates-joint-center-mental-health-assessment-and-referral,Neutral,Mental Health Assessment and Referrals.,3,2018-12-31,"mental health, assessment, referrals, partnership, center"
post,as a cs major it's safe to say. i haven't showered since last year ,Negative,Personal hygiene/lifestyle.,105,2019-01-01,"hygiene, lifestyle, college, routine"
post,T-Square is dead!. ,Negative,Death of T-Square,377,2019-01-01,"technology, software, obsolescence, change, evolution"
post,"Alright fellow students, if I‚Äôm enrolled in the Online MS Analytics and complete it, do I count as a legit GT student/alum?. Even if the only time I ever visit campus would be during the graduation ceremony lol. I just want to know if I would be considered part of the family?! VALIDATE MY INSECURITY PLEASE (no, but really...)",Neutral,Enrollment and legitimacy as a Georgia Tech student/alumnus.,7,2019-01-01,"enrollment, legitimacy, georgia tech, student, alumnus"
post,RIP T-Square. ,Negative,Death/Mourning,25,2019-01-01,"loss, grief, bereavement"
post,Have you spoken to the ombudsman?. [deleted],Neutral,Speaking to the Ombudsman.,0,2019-01-01,"ombudsman, communication, resolution"
post,"Using a meal kit like hello fresh or blue apron while living on campus?. Hi all, I was given a free trial of hello fresh by a friend and would like to use it at tech, but am worried that the time it takes for the post office to process it after it‚Äôs delivered is too long to be sending food (I live on campus). Has anyone used a plan like this and how did you do it? ",Neutral,Meal kit delivery on campus.,10,2019-01-01,"food, delivery, campus, meal, kit"
post,"Should I retake the GRE?. Hi everybody,

I'll likely be applying to the Masters in Public Policy program soon and was looking for some input on my measurables. GRE was 167 V, 154 Q, and I anticipate analytical writing being pretty high as well. Undergrad was 3.7 or something (don't remember exactly), and I double-majored in journalism and Spanish. I've worked in journalism for three or so years since graduating.

I see that the MSPP emphasizes its ""analytical"" nature and that it seeks students with ""analytical"" backgrounds, so I was wondering if I should try to boost my Q score for that reason. Thanks in advance for your input!

",Neutral,GRE retake and admissions for Masters in Public Policy program.,0,2019-01-01,"gre, retake, admissions, masters, public policy, program"
post,Screwed by Lenovo. [deleted],Negative,Negative experience with Lenovo.,0,2019-01-01,"technology, customer service, product, brand, complaint"
post,FE mechanical exam question. [deleted],Neutral,Exam question.,0,2019-01-01,"exam, mechanical, fe"
post,Does somebody have an extra laptop I can borrow?. [deleted],Neutral,Laptop borrowing request.,0,2019-01-01,"technology, borrowing, request"
post,Looking for an East campus Spring parking pass!. [deleted],Neutral,Parking pass request.,0,2019-01-01,"parking, pass, request"
post,Is it possible to take an online course as a masters student?. Hi! I know that full-time students must be enrolled in 12 credit hours (4 courses) and I wanted to know if it's possible for me to be enrolled in 9 credit hours (3 courses) on ground and do 3 credit hours (1 course) online. I'm in the CS Masters Program with no dissertation. Thanks!  ,Neutral,Online education for Masters students.,3,2019-01-01,"education, masters, online, courses, enrollment"
post,Bevo is my spirit animal. Hook'em horns baby.. ,Positive,"Personal preference/identity (mention of ""spirit animal"").",199,2019-01-01,"preference, identity, animal, spirit, symbolism"
post,"DegreeWorks: PHYS 2212 as Fallthrough. I took PHYS 2211 last semester and am taking 2212 this semester, supposedly a valid sequence of lab sciences to fulfill that requirement.  However, in degreeworks it lists my PHYS 2211 under physics requirement and PHYS 2212 as Fallthrough credit rather than fulfilling the sequence of lab sciences requirement.  Is there something I'm missing?  Is there a specific PHYS 2212 I'm supposed to take? (took classical last semester and signed up for classical this semester...)  I'm a CS major if that matters but I didn't think it would.  Any help would be seriously appreciated or even confirmation that this is a system error.

Thank you, and have a happy new year.

Edit: Heard back from academic advisor.  It's a bug.",Neutral,DegreeWorks error.,1,2019-01-01,"degreeworks, error, academic, advisor, bug, cs, major, lab, sciences, requirement, confirmation, system, new year."
post,Me for the next few hours. ,Neutral,Time/Duration.,166,2019-01-01,"schedule, timeframe, duration, timeline, clock, hours, time, period, session, stretch"
post,"Any soccer players in here?. I know since GT doesn‚Äôt have an NCAA team there‚Äôs a bunch of people who play soccer for fun. 

So if any soccer players are reading this, you should come tryout for the club soccer team this spring semester. Jan. 7, 9, 10. gtclubsoccer.com

[Sign Up](httpBE3xoqPf91Qbx4Tr2s://goo.gl/forms/)",Neutral,Invitation to join a club soccer team.,7,2019-01-01,"sports, invitation, club, team, tryouts"
post,"Psyc 2015 Textbook. Does anyone have the pdf version of ""Discovering the Scientist Within: Research Methods in Psychology **2nd edition**"" and would like to share it with me? I've searched everywhere online but couldn't find it.

Thank you.

UPDATE (01/05): I'm still looking for a PDF version of the textbook! If you have it, please message me &lt;3 ",Neutral,Request for textbook.,5,2019-01-01,"textbook, request, pdf, version, sharing, search, online, update, message"
post,"Facing Suspension, will I be kicked out of housing?. [deleted]",Neutral,Housing and potential consequences of suspension.,1,2019-01-01,"suspension, housing, consequences"
post,#THWg. ,Neutral,Hashtag and abbreviation.,119,2019-01-02,"social media, communication, abbreviations, trends"
post,THWg. [deleted],Neutral,None specified.,4,2019-01-02,"sports, college, football"
post,How 'bout them Dawgs?. ,Neutral,Sports/Football,70,2019-01-02,"sports, football, college, team, athletics"
post,Should I buy a W06 parking pass or hope my waitlist comes.. I am #17 on the waitlist for W02 (student center deck). Is there any chance I make it off this for spring or should I bite the bullet and buy W06 before that sells out.,Neutral,Decision making (whether to buy a W06 parking pass or wait for a spot on the waitlist for W02).,2,2019-01-02,"decision, parking, pass, waitlist, availability"
post,Do I need to do anything special to get a phase 2 time ticket or are they automatically assigned?. ,Neutral,Phase 2 time tickets.,0,2019-01-02,"time tickets, assignments, phases"
post,MATH 3235 - Probability Theory. I have looked around and haven't heard anything concerning this class. How is it compared to the regular prob/stat courses? If you could compare it in difficulty to another math class which would it be? How time consuming and overall challenging is the course?,Neutral,Comparison and inquiry about a math course (MATH 3235 - Probability Theory).,4,2019-01-02,"math, course, comparison, inquiry, difficulty, time, challenging"
post,"Veterans in Georgia Tech?. Hello Fellas,

&amp;#x200B;

I am a student who recently got out of the Army with a medical discharge. I am 28 years old and only has 9 college credit hours that I have got while I was in the Army. I could not go to school before joining the Army due to the financial problem. Now that I have GI Bill and much more, I am willing to put my maximum effort to get back on track. GA Tech has always been my dream school and I was really happy to see Veterans Pathway Program. I would really appreciate if anyone could share the story who got in through this program.

I will start going to community school starting summer semester.  I am debating if I should go to Perimeter, GGC, or GTC to acquire the minimum 30 hours credit.

If anyone could give me any advice and experience, I would really appreciate.

Thank You!",Positive,Veteran education and experiences at Georgia Tech.,16,2019-01-02,"veterans, education, georgia tech, experience, gi bill, community college, pathway program, advice"
post,Damn good kid! (X-post from MadLads). ,Positive,Praise/Compliment.,423,2019-01-02,"achievement, recognition, applause, kudos, admiration, approval, congratulation, praise, acknowledgement, commendation"
post,"Financial Aid 2019. Hey, did anyone get their financial aid dispersal yet for 2019? I completed the verification worksheet a long time ago and it seems like they haven't processed it. The office finally just opened today but, they don't answer their phone calls often and haven't replied to my email... Is there another number I can call to get a hold of someone in the department to sort this out? I don't want to be out aid this coming semester for missing the deadline.",Negative,Financial aid and the difficulty in getting a response from the department.,2,2019-01-02,"financial, aid, dispersal, verification, worksheet, processing, office, phone, email, department, difficulty, response, deadline, semester"
post,"Difficulty of Chinese 1001?. For anybody who's taken Chinese, do you feel that Chinese 1001 takes a lot of effort? 

I'm fluent in Japanese, but I'm well aware that they are two completely different languages. Any advice would be deeply appreciated. 

Thanks! ",Neutral,Chinese 1001 difficulty and seeking advice.,0,2019-01-02,"language learning, difficulty, advice"
post,Quiet places to hang out in Atlanta later at night?. [deleted],Neutral,Places to hang out in Atlanta at night.,19,2019-01-02,"nightlife, atlanta, hangout, quiet, locations"
post,Bud Peterson's New Year‚Äôs Resolutions. ,Neutral,New Year's Resolutions.,8,2019-01-02,"goals, self-improvement, resolutions, personal growth, aspirations"
post,"CX 4230 Prerequisites. Has anyone taken CX 4230 (Computer Simulation) in the past? If so, how much Prob/Stat knowledge would one have to have in order to be successful in the class, and not get lost? I am taking Prob/Stat this upcoming semester, but I also want to take this class for the Mod/Sim thread, and plan on requesting a prerequisite permit for this.

&amp;#x200B;

Any information about this would be appreciated.",Neutral,CX 4230 Prerequisites.,0,2019-01-02,"computer science, simulation, prerequisites, success, probability, statistics, modelling, request"
post,Anyone who wants to see Bruno Mars and Cardi B in concert.... [deleted],Neutral,Concert announcement.,0,2019-01-02,"concert, announcement, music, entertainment"
post,"Financial Aid Warning. Hey guys, may be totally irrelevant to most people, but if you happen to be eligible for the Tech promise program (aka family income &lt; $33,300 and in state applicant) you ‚Äúqualify‚Äù for the full ride to Georgia Tech! Congratulations but there‚Äôs also some minor stipulations you should watch out for. I was denied that and was told, after later contact, it was because my parents filed form 1040 instead of a 1040a or a 1040ez. Wonderful! So my denial for it was justified except for the fact that 1040a and 1040ez are just a less detailed version of 1040 AND they removed those forms as of 2018! If you‚Äôre relying on receiving promise scholarship for the following year, my advice for you is to 

1) hound the financial aid office about these forms and such over phone/in person, if you email they usually avoid the topic and give you some half hearted answers
2) contact them relentlessly about the promise award, some friends I‚Äôve met at Tech knew about receiving the award as early as February
3) have a backup because Tech will not offer any other substantial financial aid to you even with an EFC of 0 and a family income less than 18k
4) dont fill out the financial aids form last minute, chances are if you cannot use the IRS retrieval tool and are low income, you are the target population of financial verification form and you will run pay priority deadline if you‚Äôre not careful

Obviously I am also a disgruntled student/individual but I can also understand the limitation of funds for in state student. For those curious about OOS costs, the advantage of in state is really primarily Zell/Hope which covers tuition however this is not something that Tech offers. With the exception of Tech promise for low income students, most if not all (at least to my knowledge) institutional aid are given to OOS students or are equally competitive between OOS and in state. Flat out, if you‚Äôre in state and not below $33,330 income, very few students receive substantial institutional aid. ",Negative,Financial Aid at Georgia Tech,11,2019-01-02,"financial aid, georgia tech, eligibility, stipulations, denial, forms, scholarships, backup, verification, funds, in-state, out-of-state, institutional aid, competitive, income"
post,"Any PI's available to help me next week?. I was told that an Invention Studio PI could help me out engraving something before it officially opened and was wondering if anyone was available, thanks in advance ",Neutral,Availability of help from PI.,6,2019-01-02,"availability, help, pi, engraving, studio, opening"
post,Senior Design Expo Spring 2019. Does anyone know the date of the Spring 2019 Capstone Design Expo?,Neutral,Senior Design Expo Spring 2019.,2,2019-01-02,"expo, senior, design, spring, 2019, capstone"
post,"Interested in M.S. Electrical Engineering Online Program (Specialization in Antennas/Wireless Systems/RF) @ GTech. Hello everybody,I recently graduated from UC San Diego with my B.S. in Electrical Engineering. I also recently moved to the Atlanta area and started working here. I am interested in pursuing my M.S. in Electrical Engineering at GTech's online program. I am not sure how GTech divides their specializations, but I am looking for something that is related to one or more of these areas: Antennas/Wireless Systems/RF as that is what my work relates to.

Although it might be a little early to think about M.S. since I just started working, I want to be prepared. I am planning to work for a couple years to get some experience, take the GRE, and apply to the online M.S. EE program @ GTech. The online program would work better for me since I work full time/travel for work.

Here are some things I would really appreciate some insight on:

1. **Academic Rigor/Workload:**Since I will be working full-time + traveling, I was wondering if there is anyone that has experience balancing full-time work and the online MS program. I'd like to know what to expect so that I can anticipate what I can/can not handle.
2. **Financial Aid:**  Just interested to see how this would work. Would I need to be a TA/do research under a professor to get scholarships/grants?
3. **Quality of professors for M.S. in Electrical Engineering:** Honest opinions about this would be greatly appreciated.

Any other insight on stuff like in-state tuition requirements (I'm looking that up and will probably contact GTech office about it), IEEE Antennas &amp; Propagation Society involvement, etc.. would be greatly appreciated!",Neutral,Pursuing M.S,2,2019-01-02,"education, graduate, online, program, specialization, engineering, antennas, wireless, systems, rf, gtech, experience, work, full-time, travel, academic, rigor, workload, financial aid, scholarships, grants, professors, quality, in-state, tuition, requirements, ieee, involvement"
post,Cs Tutor Program. Just got an email about the CS Tutoring Program. I haven't really heard about it and can't find too many details on the site. How does the program work? Do tutors get paid? Is it similar to CAS Tutoring? Thanks!,Neutral,CS Tutor Program,4,2019-01-02,"tutoring, computer science, program, details, payment, similarity"
post,"The GATech MS-CS deadline is Feb-1, will 25th/26th Jan be too late for GRE?. I want to improve my existing GRE scores hence I have held up on applying, will the 25thJan be too late..",Neutral,GRE and MS-CS application deadline.,1,2019-01-02,"gre, ms-cs, application, deadline"
post,Yes we have a hockey team. Come check us out during the second half of the 2018-19 season!. ,"Positive
Topic: Hockey team and upcoming season",Error,147,2019-01-02,"sports, hockey, team, season"
post,"Would 2551 Multi variable calc give me free elective credit as a CS major?. Hi guys, I know I'm pretty late in asking this but right now, I am signed up for 2551 which is a 4 credit course instead of 2550 which is a 2 credit intro course for CS majors. Would the extra 2 credits from 2551 be put in free elective hours or would they just be wasted? Thanks!",Neutral,Course credit for CS major.,0,2019-01-02,"credit, cs, major, course"
post,"[Hiring] Engineer for 2nd Prototype. We are searching for someone to complete a prototype for a product we plan on showing investors and building a business on. We already have a first working prototype and now need to take that model and improve upon it. Skills possessed by developer should include:

- Mechanical engineering experience
- Familiar with 3D printers
- Familiar with water mechanics
- Electric/Wiring Experience
- Drawing up blueprints 
- Capable of working with small motors
- Optional: A/C or Coolant addition experience

We will be delving into more details upon contact, after NDA is signed. Material expenses are covered, and additional compensation will be given for completion. Small interviews will be scheduled throughout the week. Let's go to the top!",Neutral,"Hiring for a mechanical engineer to complete a prototype for a product, with specific skills and experience required.",4,2019-01-02,"engineering, prototype, product, skills, experience, nda, compensation, interviews"
post,Phase 2 Time Tickets are out on Buzzport!. Good luck!,"Positive
Topic: Time Tickets/Registration",Error,14,2019-01-02,"phase 2, time tickets, buzzport, luck"
post,"Spring CoC Career Fair and Quant question. *Do recruiters recruit full-time for a December 2019 grad at the Spring CoC career fair?* 

&amp;#x200B;

I'm also interested in hearing about whether or not a crappy GPA (&lt; 3.00 lul) but having a good quant project with a couple of good internships would at least be able to get me an interview with Citadel, D.E. Shaw and other HFs. ",Neutral,Career fair and job prospects for December 2019 graduates in the fields of finance and quantitative analysis.,8,2019-01-02,"career, fair, job, prospects, december, 2019, graduates, finance, quantitative, analysis, recruiters, gpa, project, internships, citadel, d.e. shaw, hedge funds."
post,"Abstract Algebra Vs Analysis I. For anyone whose taken these 2 classes which would you say one should take first? Which is more difficult? Which gives more valuable prerequisite knowledge for other math classes?

&amp;#x200B;

Thanks in advance",Neutral,Comparison of Abstract Algebra and Analysis I in terms of difficulty and prerequisite knowledge for other math classes.,0,2019-01-02,"mathematics, education, comparison, difficulty, prerequisite, knowledge"
post,have you guys seen this fan at the tech basketball games before? He is the worst fan i've ever seen. He hogs up one whole row and stands up and blocks everyone's vision behind him.. [deleted],Negative,Complaint about a disruptive fan at a basketball game.,0,2019-01-02,"sports, fan, disruption, complaint"
post,"Applying for CETL 1-on-1 Tutoring position. Could anyone who has worked as a tutor for CETL tell me a bit about it? I have an interview scheduled for it, what kind of stuff should I expect? Also, how is the load, doing this? Just, any advice would be helpful",Neutral,Applying for CETL 1-on-1 Tutoring position.,3,2019-01-02,"job, tutoring, interview, load, advice"
post,"Best professors for MATH 3012?. My choices are Le, Xie Q Kierzkowski, and Paprocki I believe. I hate math if that helps and am willing to go to office hours.

&amp;#x200B;

EDIT: I have seen Croot's webpage and no thank you",Neutral,Choosing a math professor for MATH 3012.,0,2019-01-02,"math, professors, selection, math 3012, office hours"
post,"should i take cs 1371 again?. im a transfer student &amp;  a chemE major &amp; i got an email basically suggesting that i should probably take cs 1371 again at tech. at my other school (clayton state) it wasn‚Äôt very hard at all but i don‚Äôt feel like i know the material  ~that~ well. i know the basics like for/ while loops, if/else. i was wondering if chem 2120 requires you to have really mastered the material to be successful? ","Neutral
Topic: Taking CS 1371 and its potential impact on success in Chem 2120",Error,0,2019-01-02,"education, transfer, major, difficulty, material, mastery, success"
post,"Advice Needed Regarding Class Registration. So I'm currently a first year student and phase II registration is about to start. Last semester I ended up with a D in chem I, and I am planning on retaking it to replace its gpa point. But I am not sure if I should retake it my second year first semester and go ahead and take chem II or just retake chem I this semester (spring 2019). I know my main problem is study habit, and if I fix it I should be fine taking chem II, but I still want some advice. Thank you!

&amp;#x200B;

TL; DR: ended up with a D in Chem 1211K fall 2018, not sure if I should retake it this semester or go ahead with chem II and retake chem I fall 2019",Neutral,Class Registration and Retaking Chemistry Courses,0,2019-01-02,"registration, retaking, chemistry, courses"
post,Taco Bell üåÆ. [deleted],Neutral,Fast food/Taco Bell.,1,2019-01-02,"fast food, restaurant, chain, mexican, cuisine"
post,Spring Bonus [Download] is 30% OFF. ,Neutral,Sale/Discount.,1,2019-01-02,"sale, discount, promotion, offer, deal"
post,Claire Berger for Physics 2212. Anyone have her in fall 2018 or know how she is as a physics professor? ,Neutral,Claire Berger as a physics professor.,0,2019-01-03,"professor, physics, fall 2018, claire berger"
post,"PSYC 1101, which professor shall I take?. Hello, everyone! I want to hear opinions from previous students who take either Stanzione's or Leader's PYSC1101 class. I am currently enrolled in Leader's section but I can probably switch to Stanzione's if anyone drops, plus that will also better fit into my schedule. However, despite hearing they are both nice professors, I have no idea what their teaching styles are like. Can anyone provide with me any clue about their test style/difficutly, if they give study guides/lecture slides that actually help before test, and what kind of /how much work needs to be done outside class. (I am not good at extracting and memorizing information from textbooks...) Also, one of my friends who took Stanzione's psychology last year said they had to do a research proposal. Providing that I am not particularly excited about writing essays and am afraid of messing up with APA style, do I face the same situation with Leader's section? Thank you everyone if you can tell me anything (no need all) relevant to my issue. I will appreciate your earnest suggestions!",Neutral,Choosing a professor for PSYC 1101.,0,2019-01-03,"education, professors, psychology, course, teaching, schedule, study, tests, difficulty, workload, textbooks, research, essays, apa style, suggestions"
post,"Has anyone taken Devesh Ranjan?. I can't seem to find anything on him for ME 3345 (Heat Transfer)

&amp;#x200B;

My only other option would be Shannon Yee and I can't find much on her either but her ME 3322 (Thermo) gpa seems pretty scary",Neutral,Searching for professors for ME 3345 (Heat Transfer) and considering options.,5,2019-01-03,"professors, me 3345, heat transfer, options"
post,"Admit rate for OMSCS?. What is the admit rate for OMSCS? I don‚Äôt quite meet the GPA requirements for fast track MS CS, plus I want to go get a few years of work experience under my belt to gain a different perspective with my degree. That being said, How hard is it to get into the online program?",Neutral,Admissions for OMSCS (Online Master of Science in Computer Science),0,2019-01-03,"admissions, omscs, online, master's, computer science"
